1,1,true,2021-09-20T19:40:48.875Z,2021-09-20T19:40:48.875Z
2,2,false,2021-09-20T19:40:48.875Z,2021-09-20T19:40:48.875Z
3,3,true,2021-09-20T19:40:48.875Z,2021-09-20T19:40:48.875Z
4,4,true,2021-09-20T19:40:48.875Z,2021-09-20T19:40:48.875Z
5,5,true,2021-09-20T19:40:48.875Z,2021-09-20T19:40:48.875Z
6,6,true,2021-09-20T19:40:48.875Z,2021-09-20T19:40:48.875Z
7,7,true,2021-09-20T19:40:48.875Z,2021-09-20T19:40:48.875Z
8,8,false,2021-09-20T19:40:48.875Z,2021-09-20T19:40:48.875Z
9,9,true,2021-09-20T19:40:48.875Z,2021-09-20T19:40:48.875Z
10,10,false,2021-09-20T19:40:48.875Z,2021-09-20T19:40:48.875Z
11,11,false,2021-09-20T19:40:48.875Z,2021-09-20T19:40:48.875Z
12,12,true,2021-09-20T19:40:48.875Z,2021-09-20T19:40:48.875Z
13,13,true,2021-09-20T19:40:48.875Z,2021-09-20T19:40:48.875Z
14,14,true,2021-09-20T19:40:48.875Z,2021-09-20T19:40:48.875Z
15,15,true,2021-09-20T19:40:48.875Z,2021-09-20T19:40:48.875Z
16,16,false,2021-09-20T19:40:48.875Z,2021-09-20T19:40:48.875Z
17,17,false,2021-09-20T19:40:48.875Z,2021-09-20T19:40:48.875Z
18,18,false,2021-09-20T19:40:48.875Z,2021-09-20T19:40:48.875Z
19,19,false,2021-09-20T19:40:48.875Z,2021-09-20T19:40:48.875Z
20,20,false,2021-09-20T19:40:48.875Z,2021-09-20T19:40:48.875Z
21,21,false,2021-09-20T19:40:48.875Z,2021-09-20T19:40:48.875Z
22,22,true,2021-09-20T19:40:48.875Z,2021-09-20T19:40:48.875Z
23,23,true,2021-09-20T19:40:48.875Z,2021-09-20T19:40:48.875Z
24,24,true,2021-09-20T19:40:48.875Z,2021-09-20T19:40:48.875Z
25,25,false,2021-09-20T19:40:48.875Z,2021-09-20T19:40:48.875Z
26,26,true,2021-09-20T19:40:48.875Z,2021-09-20T19:40:48.875Z
27,27,false,2021-09-20T19:40:48.875Z,2021-09-20T19:40:48.875Z
28,28,false,2021-09-20T19:40:48.875Z,2021-09-20T19:40:48.875Z
29,29,false,2021-09-20T19:40:48.875Z,2021-09-20T19:40:48.875Z
30,30,true,2021-09-20T19:40:48.875Z,2021-09-20T19:40:48.875Z
